[{"pk": 1, "model": "activities.price", "fields": {"label": "Standard", "youth": 300, "adult": 500, "student": 400, "child": 250, "senior": 400}}, {"pk": 2, "model": "activities.price", "fields": {"label": "Expensive", "youth": 500, "adult": 800, "student": 600, "child": 400, "senior": 600}}, {"pk": 3, "model": "activities.price", "fields": {"label": "Cheap", "youth": 200, "adult": 300, "student": 250, "child": 200, "senior": 250}}, {"pk": 1, "model": "activities.activity", "fields": {"price": 1, "creation_date": "2014-03-05T14:15:57.559Z", "description": "Hoppa fallsk\u00e4rm fr\u00e5n ett flygplan med eller utan fallsk\u00e4rm.", "modification_date": "2014-03-05T14:15:57.559Z", "label": "Fallsk\u00e4rm"}}, {"pk": 2, "model": "activities.activity", "fields": {"price": 2, "creation_date": "2014-03-05T14:18:15.295Z", "description": "Hyr en sportbil fr\u00e5n Porshe, Ferrarri, McLaren osv\r\nF\u00e4rgen kan ocks\u00e5 ha betydelse.", "modification_date": "2014-03-05T14:18:15.295Z", "label": "Hyra Sportbil"}}, {"pk": 3, "model": "activities.activity", "fields": {"price": 3, "creation_date": "2014-03-05T14:20:05.280Z", "description": "Hoppa mot marken med n\u00e5gon form av lina i anklarna och hoppas att den h\u00e5ller.", "modification_date": "2014-03-05T14:20:05.280Z", "label": "Bungee Jump"}}, {"pk": 1, "model": "activities.feature", "fields": {"creation_date": "2014-03-05T14:20:43.263Z", "feature": "Med Fallsk\u00e4rm", "modification_date": "2014-03-05T14:20:43.263Z", "activity": 1}}, {"pk": 2, "model": "activities.feature", "fields": {"creation_date": "2014-03-05T14:21:02.792Z", "feature": "F\u00e4rg p\u00e5 flygplan", "modification_date": "2014-03-05T14:21:02.792Z", "activity": 1}}, {"pk": 3, "model": "activities.feature", "fields": {"creation_date": "2014-03-05T14:21:32.758Z", "feature": "M\u00e4ngd vingar p\u00e5 planet", "modification_date": "2014-03-05T14:21:32.758Z", "activity": 1}}, {"pk": 4, "model": "activities.feature", "fields": {"creation_date": "2014-03-05T14:22:01.919Z", "feature": "Bilmodell", "modification_date": "2014-03-05T14:22:01.919Z", "activity": 2}}, {"pk": 5, "model": "activities.feature", "fields": {"creation_date": "2014-03-05T14:22:17.006Z", "feature": "F\u00e4rg", "modification_date": "2014-03-05T14:22:17.006Z", "activity": 2}}, {"pk": 6, "model": "activities.feature", "fields": {"creation_date": "2014-03-05T14:22:31.262Z", "feature": "Typ av lina", "modification_date": "2014-03-05T14:22:31.262Z", "activity": 3}}, {"pk": 7, "model": "activities.feature", "fields": {"creation_date": "2014-03-05T14:22:46.177Z", "feature": "H\u00f6jd", "modification_date": "2014-03-05T14:22:46.177Z", "activity": 3}}, {"pk": 8, "model": "activities.feature", "fields": {"creation_date": "2014-03-05T14:23:01.173Z", "feature": "Underlag nedanf\u00f6r", "modification_date": "2014-03-05T14:23:01.174Z", "activity": 3}}, {"pk": 1, "model": "activities.featureoption", "fields": {"creation_date": "2014-03-05T14:23:26.481Z", "option": "R\u00f6d", "modification_date": "2014-03-05T14:23:26.481Z", "feature": 2}}, {"pk": 2, "model": "activities.featureoption", "fields": {"creation_date": "2014-03-05T14:23:33.908Z", "option": "Bl\u00e5", "modification_date": "2014-03-05T14:23:33.908Z", "feature": 2}}, {"pk": 3, "model": "activities.featureoption", "fields": {"creation_date": "2014-03-05T14:23:39.524Z", "option": "Gul", "modification_date": "2014-03-05T14:23:39.524Z", "feature": 2}}, {"pk": 4, "model": "activities.featureoption", "fields": {"creation_date": "2014-03-05T14:23:46.949Z", "option": "Gr\u00f6n", "modification_date": "2014-03-05T14:23:46.949Z", "feature": 2}}, {"pk": 5, "model": "activities.featureoption", "fields": {"creation_date": "2014-03-05T14:23:54.296Z", "option": "Svart", "modification_date": "2014-03-05T14:23:54.297Z", "feature": 5}}, {"pk": 6, "model": "activities.featureoption", "fields": {"creation_date": "2014-03-05T14:24:04.824Z", "option": "Vit", "modification_date": "2014-03-05T14:24:04.824Z", "feature": 5}}, {"pk": 7, "model": "activities.featureoption", "fields": {"creation_date": "2014-03-05T14:24:16.749Z", "option": "Orange", "modification_date": "2014-03-05T14:24:16.749Z", "feature": 5}}, {"pk": 8, "model": "activities.featureoption", "fields": {"creation_date": "2014-03-05T14:24:26.586Z", "option": "R\u00f6d", "modification_date": "2014-03-05T14:24:26.586Z", "feature": 5}}, {"pk": 9, "model": "activities.featureoption", "fields": {"creation_date": "2014-03-05T14:24:36.631Z", "option": "Ja", "modification_date": "2014-03-05T14:24:36.631Z", "feature": 1}}, {"pk": 10, "model": "activities.featureoption", "fields": {"creation_date": "2014-03-05T14:24:42.573Z", "option": "Nej", "modification_date": "2014-03-05T14:24:42.573Z", "feature": 1}}, {"pk": 11, "model": "activities.featureoption", "fields": {"creation_date": "2014-03-05T14:24:50.595Z", "option": "1", "modification_date": "2014-03-05T14:24:50.595Z", "feature": 3}}, {"pk": 12, "model": "activities.featureoption", "fields": {"creation_date": "2014-03-05T14:24:57.738Z", "option": "2", "modification_date": "2014-03-05T14:24:57.738Z", "feature": 3}}, {"pk": 13, "model": "activities.featureoption", "fields": {"creation_date": "2014-03-05T14:25:03.686Z", "option": "3", "modification_date": "2014-03-05T14:25:03.686Z", "feature": 3}}, {"pk": 14, "model": "activities.featureoption", "fields": {"creation_date": "2014-03-05T14:25:10.631Z", "option": "4", "modification_date": "2014-03-05T14:25:10.631Z", "feature": 3}}, {"pk": 15, "model": "activities.featureoption", "fields": {"creation_date": "2014-03-05T14:25:16.974Z", "option": "5", "modification_date": "2014-03-05T14:25:16.975Z", "feature": 3}}, {"pk": 16, "model": "activities.featureoption", "fields": {"creation_date": "2014-03-05T14:25:29.690Z", "option": "Ferrari 458 Italia", "modification_date": "2014-03-05T14:25:29.690Z", "feature": 4}}, {"pk": 17, "model": "activities.featureoption", "fields": {"creation_date": "2014-03-05T14:25:48.919Z", "option": "Porsche 911 ", "modification_date": "2014-03-05T14:25:48.919Z", "feature": 4}}, {"pk": 19, "model": "activities.featureoption", "fields": {"creation_date": "2014-03-05T14:26:05.470Z", "option": "McLaren P1", "modification_date": "2014-03-05T14:26:05.470Z", "feature": 4}}, {"pk": 20, "model": "activities.featureoption", "fields": {"creation_date": "2014-03-05T14:26:55.207Z", "option": "Nissan GTS", "modification_date": "2014-03-05T14:26:55.207Z", "feature": 4}}, {"pk": 21, "model": "activities.featureoption", "fields": {"creation_date": "2014-03-05T14:27:05.385Z", "option": "Tesla Model S", "modification_date": "2014-03-05T14:27:05.385Z", "feature": 4}}, {"pk": 22, "model": "activities.featureoption", "fields": {"creation_date": "2014-03-05T14:27:16.651Z", "option": "Sytr\u00e5d", "modification_date": "2014-03-05T14:27:16.651Z", "feature": 6}}, {"pk": 23, "model": "activities.featureoption", "fields": {"creation_date": "2014-03-05T14:27:30.863Z", "option": "Kedja", "modification_date": "2014-03-05T14:27:30.863Z", "feature": 6}}, {"pk": 24, "model": "activities.featureoption", "fields": {"creation_date": "2014-03-05T14:27:40.845Z", "option": "Gummiband", "modification_date": "2014-03-05T14:27:40.846Z", "feature": 6}}, {"pk": 25, "model": "activities.featureoption", "fields": {"creation_date": "2014-03-05T14:28:00.107Z", "option": "Vajer", "modification_date": "2014-03-05T14:28:00.108Z", "feature": 6}}, {"pk": 26, "model": "activities.featureoption", "fields": {"creation_date": "2014-03-05T14:28:13.738Z", "option": "1m", "modification_date": "2014-03-05T14:28:13.738Z", "feature": 7}}, {"pk": 27, "model": "activities.featureoption", "fields": {"creation_date": "2014-03-05T14:28:21.601Z", "option": "20m", "modification_date": "2014-03-05T14:28:21.601Z", "feature": 7}}, {"pk": 28, "model": "activities.featureoption", "fields": {"creation_date": "2014-03-05T14:28:28.341Z", "option": "80m", "modification_date": "2014-03-05T14:28:28.341Z", "feature": 7}}, {"pk": 29, "model": "activities.featureoption", "fields": {"creation_date": "2014-03-05T14:28:36.162Z", "option": "500m", "modification_date": "2014-03-05T14:28:36.162Z", "feature": 7}}, {"pk": 30, "model": "activities.featureoption", "fields": {"creation_date": "2014-03-05T14:28:44.111Z", "option": "1000m", "modification_date": "2014-03-05T14:28:44.111Z", "feature": 7}}, {"pk": 31, "model": "activities.featureoption", "fields": {"creation_date": "2014-03-05T14:28:59.394Z", "option": "Vatten", "modification_date": "2014-03-05T14:28:59.395Z", "feature": 8}}, {"pk": 32, "model": "activities.featureoption", "fields": {"creation_date": "2014-03-05T14:29:07.683Z", "option": "Asfalt", "modification_date": "2014-03-05T14:29:07.683Z", "feature": 8}}, {"pk": 33, "model": "activities.featureoption", "fields": {"creation_date": "2014-03-05T14:29:22.479Z", "option": "Bomull", "modification_date": "2014-03-05T14:29:22.479Z", "feature": 8}}, {"pk": 34, "model": "activities.featureoption", "fields": {"creation_date": "2014-03-05T14:29:32.777Z", "option": "Lava", "modification_date": "2014-03-05T14:29:32.777Z", "feature": 8}}]